{"Iteration": 0, "Loss": 0.13633008301258087, "KL Divergence": 0.007882046605362807, "New Loss": 0.36101678013801575, "Loss Improvement": 0.22468669712543488, "Expected Improvement": 0.20592288672924042, "Step Size": 0.09712378680706024, "Full Step Norm": 0.05846061557531357, "_timestamp": 1722900061.2142868, "_runtime": 39.92896270751953, "_step": 382, "Dist Entropy": 381.50665283203125, "Ratio": 0.33742624521255493, "_wandb": {"runtime": 39}}