{"kl_divergence": 0.0001753742227913772, "loss_improvement": 0.25714683532714844, "expected_improvement": 0.45162948966026306, "entropy": 412.0224304199219, "ratio": 1.1223039627075195, "_timestamp": 1723137400.9900467, "_runtime": 5.99224066734314, "_step": 11, "average_kl_divergence": 0.0001753742227913772, "average_loss_improvement": 0.25714683532714844, "average_expected_improvement": 0.45162948966026306, "average_entropy": 412.0224304199219, "average_ratio": 1.1223039627075195, "_wandb": {"runtime": 5}}