{"kl_divergence": 0.0025582125068350876, "loss_improvement": 8.288545608520508, "expected_improvement": 13.546154975891113, "entropy": 412.66534423828125, "ratio": 1.3659441471099854, "_timestamp": 1723138918.4424887, "_runtime": 5.074110746383667, "_step": 5, "average_kl_divergence": 0.0025582125068350876, "average_loss_improvement": 8.288545608520508, "average_expected_improvement": 13.546154975891113, "average_entropy": 412.66534423828125, "average_ratio": 1.3659441471099854, "_wandb": {"runtime": 4}}