{"Iteration": 0, "Loss": 7.09610030753538e-05, "KL Divergence": 0.009415171706592874, "New Loss": 0.0011794116580858827, "Loss Improvement": 0.0011084506986662745, "Expected Improvement": 0.0003286672290414572, "Step Size": 60.85111618041992, "Full Step Norm": 0.0448385588824749, "_timestamp": 1722900537.9142709, "_runtime": 310.46807289123535, "_step": 84010, "Dist Entropy": 256.760009765625, "Ratio": 0.002266710391268134, "average_step_rewards": -4.517328262329102, "_wandb": {"runtime": 310}}