{"kl_divergence": 0.006512276936643195, "loss_improvement": 0.18188664317131042, "expected_improvement": 0.17876139283180237, "entropy": 384.71710205078125, "ratio": 0.4231422245502472, "_timestamp": 1723138149.7482524, "_runtime": 37.929702281951904, "_step": 277, "average_kl_divergence": 0.006512276936643195, "average_loss_improvement": 0.18188664317131042, "average_expected_improvement": 0.17876139283180237, "average_entropy": 384.71710205078125, "average_ratio": 0.4231422245502472, "_wandb": {"runtime": 37}}