{"Iteration": 0, "KL Divergence": 0.00959530576792709, "New Loss": 23.377098083496094, "Loss Improvement": 15.93994140625, "Expected Improvement": 13.000200271606445, "Step Size": 0.0015384377911686897, "Full Step Norm": 0.07833660393953323, "_timestamp": 1722899502.846655, "_runtime": 20.403301000595093, "_step": 184, "Dist Entropy": 401.6206970214844, "Ratio": 2.1208295822143555, "_wandb": {"runtime": 20}}