{"kl_divergence": 0.009731233240381398, "loss_improvement": 15.764360427856445, "expected_improvement": 11.611410140991211, "entropy": 411.9750671386719, "ratio": 4.897830963134766, "_timestamp": 1723139476.1111474, "_runtime": 6.491456508636475, "_step": 17, "average_kl_divergence": 0.009731233240381398, "average_loss_improvement": 15.764360427856445, "average_expected_improvement": 11.611410140991211, "average_entropy": 411.9750671386719, "average_ratio": 4.897830963134766, "_wandb": {"runtime": 6}}