{"kl_divergence": 0.0001756696316118802, "loss_improvement": 0.004439353942871094, "expected_improvement": 0.04815967008471489, "entropy": 409.1689758300781, "ratio": 1.0087841749191284, "_timestamp": 1723138997.917283, "_runtime": 12.376850128173828, "_step": 65, "average_kl_divergence": 0.0001756696316118802, "average_loss_improvement": 0.004439353942871094, "average_expected_improvement": 0.04815967008471489, "average_entropy": 409.1689758300781, "average_ratio": 1.0087841749191284, "_wandb": {"runtime": 12}}