{"kl_divergence": 0.003959173892309194, "loss_improvement": 0.1999119520187378, "expected_improvement": 0.3336713910102844, "entropy": 410.11993408203125, "ratio": 0.7786860466003418, "_timestamp": 1723139804.655468, "_runtime": 10.16007399559021, "_step": 47, "average_kl_divergence": 0.003959173892309194, "average_loss_improvement": 0.1999119520187378, "average_expected_improvement": 0.3336713910102844, "average_entropy": 410.11993408203125, "average_ratio": 0.7786860466003418, "_wandb": {"runtime": 9}}