{"Iteration": 0, "Loss": 17.151918411254883, "KL Divergence": 0.00718641498597056, "New Loss": 128.0554656982422, "Loss Improvement": 110.90354919433594, "Expected Improvement": 57.698219299316406, "Step Size": 0.00034663116093724966, "Full Step Norm": 0.05647345259785652, "_timestamp": 1722899784.9625597, "_runtime": 130.04749178886414, "_step": 1413, "Dist Entropy": 316.459228515625, "Ratio": 1.5936516523361206, "_wandb": {"runtime": 130}}